Historia	¿Quién fue el primer presidente de Estados Unidos?	George Washington	John Adams	Thomas Jefferson	James Madison
Historia	¿Cuánto duró la Guerra de los Cien Años?	116 años	100 años	99 años	123 años
Historia	¿Qué carabela no regresó tras el primer viaje de Colón a América?	La Santa María	La Pinta	La Niña	Ninguna regresó
Historia	¿Qué exploradores dieron la primera vuelta al mundo?	Magallanes y Elcano	Vasco da Gama y Elcano	Magallanes y James Cook	Elcano y James Cook
Historia	¿En qué año se disolvió la Unión Soviética?	En 1991	En 1988	En 1993	En 1983
Historia	¿En qué isla estuvo preso Napoleón?	Santa Elena	Córcega	Reunión	Cerdeña
Historia	¿En qué año se creó la Organización de las Naciones Unidas?	1945	1942	1939	1940
Historia	¿En qué año pisó el hombre la luna por primera vez?	1969	1973	1966	1970
Historia	¿Quién fue el primer presidente de la democracia española tras el franquismo?	Adolfo Suárez	Calvo Sotelo	Felipe Gónzalez	Jose María Aznar
Historia	¿Cuál es la narración épica más antigua?	La Epopeya de Gilgamesh	La Ilíada	La Odisea	La Eneida
Historia	¿Qué famosa batalla marítima tuvo lugar en 1805?	La batalla de Trafalgar	Batalla de Lepanto	Batalla de Jutlandia	Batalla de Salamina
Historia	¿Quién era el emperador de Roma durante la época de Jesús de Nazaret?	Tiberio	Calígula	Claudio	Nerón
Historia	¿Cuál era la moneda utilizada en España antes del euro?	La peseta	El dólar	Los reales	Los francos
Historia	¿Cómo se conoce popularmente a la crisis económica de 1929?	La Gran Depresión	Crisis de las deudas	Crisis del samba	Efecto tequila
Historia	¿Cuánto duró la Segunda República Española?	8 años	12 años	10 años	16 años
Historia	¿Cuándo comienza la Primera Guerra Mundial?	1914	1939	1936	1918
Historia	¿Cuál es la última dinastía en China?	Qing	Ming	Tang	Qin
Historia	¿En qué año fue asesinado John F. Kennedy?	1963	1969	1955	1971
Historia	¿Dónde se llevaron a cabo los primeros Juegos Olímpicos de Verano?	Atenas	Roma	París	Londres
Historia	¿Quién fue el primer estadounidense en ganar un Nobel de la Paz?	Teodoro Roosevelt	Barack Obama	George Bush	Bill Clinton
Historia	¿Dónde permanece ubicada Babilonia?	Irak	Irán	Palestina	Jordania
Historia	¿Quién fue el primer hombre en caminar sobre la luna?	Neil Armstrong	Buzz Aldrin	Michael Collins	David Scott
Historia	 En la Guerra de Troya, ¿Qué escondieron los griegos dentro de un enorme caballo de madera?	Soldados	Explosivos	Regalos	Comida
Historia	¿Cómo llamaban los romanos a lo que ahora es España y Portugal?	Hispania	Iberia	Al-Andalus	Cartagonova
Historia	¿Cómo era conocido Luis XIV, rey de Francia?	Rey Sol	Rey Luna	El sabio	El apuesto
Historia	¿Qué piedra ayudó a descifrar los jeroglíficos egipcios?	La piedra Rosseta	La piedra filosofal	Paleta de Narmer	Inscripción de Behistún
Historia	¿Qué antiguos guerreros navegaban en unos barcos llamados drakkar?	‍Los vikingos	Los templarios	Los persas	Los mongoles
Historia	¿Qué edad tenía Tutankamón cuando murió?	18	14	22	30
Historia	¿Qué ciudad moderna se levantó sobre el centro del imperio azteca?	Ciudad de México	Lima	Toluca	Santiago de Chile
Historia	¿De qué país eran los samuráis?	Japón	Corea del Sur	Corea del Norte	China
Historia	¿Cómo se llama el que fue el primer presidente afroamericano de Estados Unidos?	Barack Obama	Martin Luther King	Nelson Mandela	Malcolm X
Historia	¿Qué conflicto se desató en España entre 1936 y 1939?	La Guerra Civil	Guerra del Golfo	Guerra hispano-estadounidense	Guerra del Rif
Historia	Antes de llegar los romanos a la península, ¿Cuáles eran los dos principales pueblos que ya estaban allí?	Íberos y celtas	Fenicios y celtíberos	Íberos y celtíberos	Fenicios y celtas
Historia	¿Qué letra usaban los romanos para dar un diez?	X	I	V	L
Historia	¿Qué antiguo pueblo se inventó la democracia?	‍Los griegos	Los romanos	Los celtas	Los egipcios
Historia	¿Cómo se llamaba a los hombres de la banda de Robin Hood?	Merry Men	Wise men	Bad men	Sneaky men
Historia	¿Cómo se llamaban las autopistas y carreteras de los romanos?	Calzadas	Autovías	Acueductos	Caminos
Historia	¿Qué día de la semana es considerado un día de descanso en el judaísmo?	El sábado	El domingo	El lunes	El miércoles
Historia	¿Qué color solo podían vestir los emperadores o los personajes más importantes en la antigua Roma?	Púrpura	Negro	Rojo	Azul
Historia	¿Cómo se llamaban los tres barcos que viajaron a América con Cristóbal Colón?	La Pinta, La Niña Y la Santa María	La Pinta, La Nueva y La Santa Ana	La Niña, la Santa María y la Perla Negra	La Vieja, la Gorda y la Triana
Historia	¿Cuál fue la primera mujer presidente de Alemania en 2005?	Angela Merkel	Christine Lambrecht	Ria Schroder	Annegret Kramp-Karrenbauer
Historia	¿Qué protagonista de la guerra de Troya tiene el mismo nombre que una capital de Europa?	París	Roma	Atenas	Madrid
Historia	¿Cómo se llamaban los Reyes Católicos?	Isabel I y Fernando V	Juan Carlos I y Sofía de Grecia	Juana I y Felipe I	Carlos I e Isabel de Portugal
Historia	¿Quién bajó de montaña con los Diez Mandamientos?	Moisés	Jesús	Judas	Dios
Historia	Según la Biblia, ¿en qué pueblo nació Jesús?	Belén	Nazaret	Éfeso	Damasco
Historia	¿Qué día celebran en Estados Unidos su Día de la Independencia?	‍El 4 de julio	El 12 de diciembre	El 8 de septiembre	El 1 de abril
Historia	¿En qué país reinaban los zares?	‍En Rusia	En Alemania	En Grecia	En Inglaterra
Historia	¿En qué periodo de la Prehistoria se convirtieron los hombres en agricultores?	Neolítico	Paleolítico	Mesolítico	Eneolítico
Historia	¿Qué hermanos fueron los primeros en pilotar un avión?	Los hermanos Wright	Los hermanos Marx	Los hermanos Grimm	Los hermanos Scholl
Historia	Brexit es el nombre que se usa para explicar la salida del Reino Unido ¿de dónde?	De la Unión Europea	De la OTAN	De la ONU	De Europa
Historia	¿Cuál fue la primera nave especial de la NASA que llevó humanos a la superficie de la luna?	‍Apolo 11	Apolo 6	Apolo 10	Apolo 4
Historia	¿En qué siglo se inventó la televisión?	‍En el XX	En el XXI	En el XIX	En el XVIII
Historia	¿Qué ciudad alemana estuvo dividida por un muro entre 1961 y 1989?	Berlín	Viena	París	Cracovia
Historia	¿Cómo llamaban los romanos al Río Guadalquivir?	Betis	Betsi	Al-kabir	Tharsis
Historia	¿Cómo llamamos al sistema de escritura basado en signos pictográficos que usaban los antiguos egipcios?	Jeroglíficos	Cuneiforme	Jiahu	Logográfico
Historia	¿Qué premio Nobel recibió el científico Albert Einstein?	Física	Química	Paz	Literatura
Historia	¿Qué guerra tuvo lugar entre 1939 y 1945?	La Segunda Guerra Mundial	La Primera Guerra Mundial	La Guerra Civil Española	La Guerra de Corea
Historia	¿Qué animal tiraba de las cuadrigas en la época de los romanos?	Caballos	Toros	Bueyes	Burros
Historia	¿Qué criatura representa la gran estatua que se encuentra junto a las pirámides de Guiza en Egipto?	Esfinge	Humano	León	Ra
Historia	En la mitología nórdica ¿Quién era el dios del trueno y los relámpagos?	Thor	Odín	Loki	Balder
Historia	Según la leyenda, ¿al menos cuantos cuervos hay que tener en la Torre de Londres en todo momento?	6	4	1	10
Historia	¿Cuándo se inventó la escritura?	3500 a.C.	5000 a.C.	1000 a.C.	1000 d.C.
Historia	¿Cómo se llamaban los gobernantes del antiguo Egipto?	Faraones	Zares	Emperadores	Dioses
Historia	Según las leyendas de la antiguedad, ¿quiénes fundaron a Roma?	Rómulo y Remo	Julio César y Marco Antonio	Marte y Júpiter	Zeus y Hera
Historia	¿Contra quiénes se enfrentaron los griegos en las Guerras Médicas del siglo V a.C.?	Los persas	Los romanos	Los espartanos	Los celtas
Historia	¿Cuál de estos emperadores fue alumno del filósofo griego Aristóteles?	Alejandro Magno	Julio César	Calígula	Filipo III
Historia	El primer emperador romano que se hizo cristiano fue:	Constantino I	Marco Aurelio	Nerón	Tiberio
Historia	¿En qué siglo nació el Islam?	Siglo VII	Siglo X	Siglo II	Siglo XV
Historia	¿Dónde se inventó la pólvora?	En China	En Alemania	En Egipto	En Estados Unidos
Historia	¿Por cuál otro nombre se conoce el Imperio Romano de Oriente?	Imperio Bizantino	Sacro Imperio Romano Germánico	Imperio Carolingio	Imperio Otomano
Historia	¿Cuándo pintó Miguel Ángel la bóveda de la Capilla Sixtina?	Siglo XVI	Siglo XV	Siglo XIV	Siglo XVIII
Historia	¿Dónde se construyó la gran ciudad de Teotihuacan?	En el altiplano central de México	En la sierra Madre Oriental de México	En la cordillera Oriental de Perú	En los Andes peruanos
Historia	¿Qué idioma hablaban los aztecas?	Náhuatl	Quekchi	Quechua	Kunza
Historia	¿Cuándo sucedió la caída de Tenochtitlan, capital del imperio Azteca-mexica?	13 de agosto de 1521	13 de agosto de 1530	13 de febrero de 1521	13 de febrero de 1502
Historia	¿Cuál de estos libros fue escrito por William Shakespeare?	Hamlet	El Quijote	Herfo y Leandro	Rosalinda
Historia	El dios sol en la cultura inca se llamaba:	Inti	Wiracocha	Pachamama	Quilca
Historia	¿Cuál fue el último emperador inca?	Atahualpa	Huayna Capac	Tupac Yupanqui	Pachacutec
Historia	¿En qué fecha y ciudad se firmó el acta de independencia de los Estados Unidos de América?	En Filadelfia, el 4 de julio de 1776	En Washington, el 6 de mayo de 1780	En Filadelfia, el 6 de diciembre de 1766	En Washington, el 6 de julio de 1780
Historia	¿Cuándo comenzó la Revolución Francesa?	1789	1780	1764	1795
Historia	¿Cuándo ocurrió la batalla de Waterloo que marcó el final de las guerras napoleónicas?	El 18 de junio de 1815	El 18 de julio de 1818	El 18 de junio de 1823	El 18 de julio de 1805
Historia	¿Quien fue la primera persona en ganar el premio Nobel en dos oportunidades?	Marie Curie	John Bardeen	Linus Carl Pauling	Frederick Sanger
Historia	¿Qué evento que provocó el inicio de la Primera Guerra Mundial?	El asesinato del archiduque Francisco Fernando de Austria	La invasion alemana a Polonia	El imperio austrohúngaro ataca a Serbia	Hitler se hace con el poder en Alemania
Historia	¿Qué evento que provocó el inicio de la Segunda Guerra Mundial?	La invasión alemana a Polonia	El asesinato del archiduque Francisco Fernando de Austria	Hitler se hace con el poder en Alemania	El imperio austrohúngaro ataca a Serbia
Historia	¿Cuándo fueron lanzadas las bombas atómicas de Hiroshima y Nagasaki?	En agosto de 1945	En febrero de 1948	En diciembre de 1942	En abril de 1947
Historia	Mao Zedong proclamó la creación de la República Popular China en:	1949	1965	1954	1932
Historia	¿Quién fue la primera persona que viajó al espacio y logró orbitar el planeta tierra?	Yuri Gagarin	Lance Armstrong	Valentina Tereshkova	John Glenn
Historia	¿Cuánto tiempo duró la Guerra Fría entre Estados Unidos y la Unión Soviética?	45 años	30 años	68 años	72 años
Historia	¿Qué organización terrorista fue acusada de cometer los atentados terroristas del 11 de septiembre de 2001 en Nueva York?	Al Qaeda	ISIS	ETA	FARC
Historia	¿Qué país gobernaba el Rey Zog?	Albania	Rusia	Francia	Bulgaria
Historia	¿Quién traicionó a Jesús ante los romanos?	Judas Iscariote	Judas Tadeo	Pedro	Mateo
Historia	¿Quién fue el primer hombre en volar sobre el canal de la Mancha?	Louis Bleriot	Alberto Santos Dumont	Charles Lindbergh	Amelia Earhart
Historia	¿En qué guerra fue la carga de la Brigada Ligera?	Guerra de Crimea	Primera Guerra Mundial	Guerra de Oriente	Guerra de los Ducados
Historia	¿Quién inventó la televisión?	John Logie Baird	Philo Farnsworth	Kenjiro Takayanagi	Charles Francis Jenkins
Historia	¿Cómo se llama el piloto de combate sin piernas de la Segunda Guerra Mundial?	Douglas Bader	Eric Hartmann	Hans Wind	Tetsuzo Iwamoto
Historia	¿Quién navegó en la Niña, la Pinta y la Santa María?	Cristóbal Colón	Magallanes	Elcano	Vasco da Gama
Historia	¿En qué año se fundó Microsoft?	1975	1983	1990	1992
Historia	¿Qué inventó Alfred Nobel?	La dinamita	La electricidad	La pólvora	La bombilla
Historia	¿Qué descubrió Howard Carter en 1922?	La tumba de Tutankamón	Las líneas de Nazca	Los guerreros de Terracota	La piedra Rosetta
Historia	¿Quién corrió desnudo por las calles gritando "Eureka"?	Arquímedes	Platón	Sócrates	Aristóteles
Historia	¿En qué ciudad nació Alexander Graham Bell en 1847?	Edimburgo	Londres	Dublín	Cardiff
Deporte	¿Cuántos anillos tiene la bandera olímpica?	5	7	4	6
Deporte	¿Quién usaría un mashie niblick?	Golfista	Esgrimista	Tenista	Paracaidista
Deporte	¿Quién fue el primer hombre en correr una milla en menos de cuatro minutos?	Roger Bannister	Josy Barthel	Jakob Ingebrigtsen	Arnold Jackson
Deporte	¿En qué deporte competía Giacomo Agostini?	Motociclismo	Automovilismo	Fútbol	Baloncesto
Deporte	¿Quién ganó la Super Bowl de 1988?	Washington Redskins	Denver Broncos	San Francisco 49ers	Cincinnati Bengals
Deporte	¿Cuánto dura un partido de fútbol?	90 minutos	120 minutos	45 minutos	30 minutos
Deporte	¿En qué ciudad se encuentra el estadio conocido como La Bombonera?	Buenos Aires	Ciudad de México	Río de Janeiro	Montevideo
Deporte	¿Cuántos jugadores componen un equipo de rugby? 	15 jugadores	12 jugadores	11 jugadores	20 jugadores
Deporte	¿En qué país se inventó el voleibol?	Estados Unidos	Australia	Japón	Brasil
Deporte	¿En qué país se encuentra el circuito de Le Mans?	Francia	Bélgica	Luxemburgo	Paises Bajos
Deporte	¿Cuánto dura un partido de balonmano?	60 minutos	30 minutos	90 minutos	120 minutos
Deporte	¿Qué deporte practican los Harlem Globetrotters?	Baloncesto	Balonmano	Tenis	Beisbol
Deporte	¿Cuántos títulos de motociclismo ha conseguido Valentino Rossi?	9	7	13	10
Deporte	¿Cuál es la última cinta que puedes conseguir en el karate?	Cinturón negro	Cinturón marrón	Cinturón azul	Cinturón blanco
Deporte	¿Quién fue el primer jugador español de baloncesto en disputar un partido de la NBA?	Fernando Martín	Pau Gasol	José Calderón	Jorge Garbajosa
Deporte	¿Qué nadador de élite ganó cuatro medallas de oro y dos de plata en las Olimpiadas de Londres 2012?	Michael Phelps	Nikolai Adrianov	Ryan Lochte	Alexei Nermov
Deporte	¿Cuántos Grand Slam tiene Roger Federer?	20	16	18	22
Deporte	¿Cuántos cuartos tiene un partido de baloncesto?	4	2	6	1
Deporte	¿Cómo se llama el estilo de atletismo en el que los corredores llevan un testigo?	Carreras de relevos	Carrera de media distancia	Carrera con obstáculos	Carrera de larga distancia
Deporte	¿Cómo se llama el lugar donde se realizan las carreras de caballos?	Hipódromo	Circuito	Canódromo	Velódromo
Deporte	¿Cada cuántos años se celebran los Juegos Olímpicos?	Cada 4 años	Cada 2 años	Cada 6 años	Cada año
Deporte	¿Quién fue la primera mujer en ganar una medalla olímpica? 	Charlotte Reinagle	María del Pilar Roldán	Lilí Álvarez	Betty Robinson
Deporte	¿Cuál es el deporte más popular en la India?	Críquet	Beisbol	Fútbol	Hockey
Deporte	¿Qué arte marcial de origen sudamericano fue creado para parecerse a un baile?	Capoeira	Muay Thai	Krav Maga	Judo
Deporte	¿Qué pieza de ajedrez puede hacer un movimiento en forma de L?	El caballo	El alfil	La torre	El peón
Deporte	¿Cuáles son los colores de los cinco anillos olímpicos?	Azul, amarillo, verde, rojo y negro	Azul, naranja, verde, rosa y negro	Naranja, amarillo, verde, rojo y rosa	Azul, amarillo, naranja, rojo y negro
Deporte	¿Con qué se premiaba a los campeones olímpicos en la antigüedad?	Una corona de olivo	Un trofeo	Una medalla	Un diploma
Deporte	¿Qué significan las siglas ACB?	Asociación de Clubes de Baloncesto	Asociación Continental de Baloncesto	Asociación de Clubes de Balonmano	Asociación Continental de Beisbol
Deporte	¿En qué deporte puedes hacer una tacada?	Billar	Esgrima	Karate	Boxeo
Deporte	¿Cuánto duró el partido más largo de la historia del tenis?	11 horas y 5 minutos	7 horas y 23 minutos	13 horas y 18 minutos	9 horas y 54 minutos
Deporte	¿En qué olimpiadas ganó la tenista Serena Williams su primer oro olímpico en individuales?	Londres 2012	Río de Janeiro 2016	Atenas 2004	Pekín 2008
Deporte	¿De qué ciudad es el Chelsea Football Club?	Londres	Manchester	Birmingham	Newcastle
Deporte	¿Qué revista concede el Balón de Oro?	France Football	Marca	La Gazzeta Dello Sport	L'Equipe
Deporte	¿En qué año debutó Pep Guardiola como entrenador del FC Barcelona?	2008	2010	2009	2011
Deporte	¿En qué país ganó Alemania su primer Mundial?	Suiza	Alemania	Brasil	Francia
Deporte	¿Quién es conocido como “O Rei”?	Pelé	Ronaldinho	Ronaldo	Neymar
Deporte	¿De qué color es la tarjeta que enseña un árbitro de fútbol para expulsar a un jugador?	Roja	Azul	Amarilla	Verde
Deporte	¿Qué estilo de natación es más rápido?	Crol	Mariposa	Braza	Espalda
Deporte	¿Qué tenista fue el abanderado español en los Juegos Olímpicos de Río 2016?	Rafa Nadal	Saúl Craviotto	Mireia Belmonte	Pau Gasol
Deporte	¿Qué deporte se juega anualmente en París en el torneo de Roland Garros?	Tenis	Badminton	Pádel	Tenis de mesa
Deporte	¿A qué distancia se encuentra la línea de tres puntos en el baloncesto?	6'75 metros	9 metros	8'5 metros	7'25 metros
Deporte	¿En qué deporte se conoce al árbitro como juez de silla?	Tenis	Waterpolo	Voleibol	Baloncesto
Deporte	¿Quién es la persona que mas medallas de oro ha ganado en los Juegos Olímpicos tanto de verano como de invierno?	Michael Phelps	Larisa Latynina	Nikolai Adrianov	Boris Shakhlin
Deporte	¿Cuántos integrantes tiene un equipo de vóley-playa?	2	6	4	3
Deporte	¿Entre los dos equipos, cuántos jugadores hay en el campo al comenzar un partido de fútbol?	22	11	20	26
Deporte	¿Cómo se llama el deporte que hacían dos caballeros montados a caballo con lanzas y escudos?	Justa	Polo	Doma	Raid
Deporte	¿Quién hace el primer movimiento en un apartida de ajedrez?	Blancas	Negras	El jugador más inexperto	Se sortea
Deporte	¿Quién fue el primer piloto español de Fórmula 1 en ganar un mundial?	Fernando Alonso	Carlos Sainz	Pedro de la Rosa	Jaime Alguersuari
Deporte	¿Entre los dos equipos, cuántos jugadores hay en el campo al comenzar un partido de fútbol sala?	10	8	22	16
Deporte	¿Cómo se llama el objeto que se intercambian los corredores de un equipo en una carrera de relevos?	Testigo	Jabalina	Maza	Pañuelo
Deporte	¿Cómo se llama en tenis marcar un punto de saque directo?	Ace	Deuce	Set	Net
Deporte	¿Cuáles el récord mundial de Usain Bolt en 100 metros lisos?	9'58 segundos	9'63 segundos	10'49 segundos	9'93 segundos
Deporte	¿Qué número está en la parte más alta de una diana de dardos?	20	50	1	15
Deporte	¿En qué forma se colocan las bolas al principio de una partida de billar americano?	Triángulo	Rombo	Cuadrado	Círculo
Deporte	¿Qué deporte estoy practicando si hago un ollie?	Skateboard	Esquí	Gimnasía rítmica	Natación sincronizada
Deporte	¿Cuántas casillas tiene un tablero de damas?	64	24	81	100
Deporte	¿Cuántas personas pedalean en un tándem?	2	1	3	4
Deporte	¿Qué palabra se usa en el tenis cuando hay un empate 40-40?	Deuce	Ace	Set	Net
Deporte	¿Qué marca de ropa deportiva comparte con la diosa de la victoria griega?	Nike	Adidas	Puma	Hummel
Deporte	¿Cuántos kilómetros se recorren en una carrera de maratón?	42	21	64	32
Deporte	¿Cómo se llama el palo con el que se golpea la pelota cuando se juega al polo?	Taco	Bate	Pala	Mazo
Deporte	¿De que color viste la selección de rugby de Nueva Zelanda?	Negro	Blanco	Verde	Azul
Deporte	¿En qué deporte se puede ganar la Copa Davis?	Tenis	Fútbol	Baloncesto	Balonmano
Deporte	¿Cómo se llama el deporte en el que primero se nada, luego se monta en bicicleta y al final se hace una carrera a pie?	Triatlón	Maratón	Pentatlón	Heptatlón
Deporte	¿Qué deporte se puede practicar usando mazas, cinta o pelotas?	Gimnasia rítmica	Gimnasia artística	Patinaje artístico	Natación artística
Deporte	¿Qué deporte se practica sobre un ring?	Boxeo	Karate	Sumo	Esgrima
Deporte	¿Cuántos peones hay al principio de una partida de ajedrez?	16	8	32	24
Deporte	¿A qué estás jugando si te acompaña un "caddie"?	Golf	Billar	Dardos	Boxeo
Deporte	¿Cuántos jugadores hay en un equipo de béisbol?	9	11	13	7
Deporte	¿Qué equipo ganó el primer partido de la NBA en 1946?	New York Knicks	Los Angeles Lakers	Boston Celtics	Detroit Pistons
Deporte	¿En qué deporte harías un touchdown?	Fútbol americano	Rugby	Fútbol	Squash
Deporte	¿En qué deporte destaca Tiger Woods?	Golf	Boxeo	Automovilismo	Atletismo
Deporte	¿Qué ciudad ha albergado más Juegos Olímpicos de verano?	Londres	Atenas	Roma	París
Deporte	¿En qué deporte destacó Arnold Palmer?	Golf	Billar	Dardos	Esquí
Deporte	¿En qué juego se puede hacer un Gambito de Dama?	Ajedrez	Damas	Póker	Billar
Deporte	¿Qué color de cinturón reciben los alumnos que empiezan a aprender kárate?	Blanco	Amarillo	Naranja	Verde
Deporte	¿Cuándo se celebraron los primeros Juegos Olímpicos de Invierno?	1924	1928	1932	1948
Deporte	¿Cuándo se celebraron los primeros Juegos Paralímpicos?	1960	1972	2000	1988
Deporte	¿Qué significan las siglas WWE?	World Wrestling Entertainment	World Waterpolo Experience	World Wrestling Elite	World Wrestling Experience
Deporte	¿Qué deporte practicaba Roger Federer?	Tenis	Baloncesto	Hípica	Motociclismo
Deporte	¿Cuántos agujeros tiene una pelota de golf?	336 en la versión estadounidense, 330 en la británica	236 en la versión estadounidense, 230 en la británica	330 en la versión estadounidense, 336 en la británica	230 en la versión estadounidense, 236 en la británica
Deporte	Nadia Comaneci hizo en las olimpiadas de 1976 la primera puntuación perfecta. ¿Qué país representaba?	Rumanía	Italia	URSS	Francia
Deporte	¿Cuántos hoyos se juegan en una partida de golf?	18	12	15	10
Deporte	¿Que representan los anillos de la bandera olímpica?	Los continentes	Los países	Los deportes	Las medallas
Deporte	¿Qué deporte practicaba Jean-Claude Killy?	Esquí	Snowboard	Esgrima	Natación
Deporte	¿Qué piloto ha ganado mas Rally Dakar?	Stéphane Peterhansel	Carlos Sainz	Nasser Al-Attiyah	Ari Vatanen
Deporte	¿Qué dos universidades compiten anualmente en una famosa regata?	Oxford y Cambridge	Oxford y Harvard	Harvard y Cambridge	Oxford y Birmingham
Deporte	¿Quién es el tenista mas joven en ganar un Grand Slam?	Michael Chang	Boris Becker	Bjorn Borg	Mats Wilander
Deporte	¿Quién es la tenista mas joven en ganar un Grand Slam?	Martina Hingis	Monica Seles	Tracy Austin	Maria Sharapova
Deporte	¿Cómo se llama la herramienta de escalada con forma de pico para subir por paredes de hielo o nieve?	Piolet	Crampón	Mosquetón	Polainas
Deporte	¿Cuántas veces ganó Miguel Indurain el Tour de Francia?	5	1	7	3
Deporte	¿En qué año se fundó el equipo de fútbol FC Barcelona?	1899	1902	1905	1896
Deporte	¿De qué deporte se han tomado expresiones como “tirar la toalla” o “salvado por la campana”?	Boxeo	Judo	MMA	Karate
Deporte	¿Quién es el nadador más condecorado de todos los tiempos en los Juegos Olímpicos?	Michael Phelps	Ryan Lochte	Matt Biondi	Gary Hall
Deporte	¿Qué nadadora estadounidense ganó cuatro medallas de oro en los Juegos Olímpicos de Londres 2012?	Missy Franklin	Katie Ledecky	Natalie Coughlin	Jenny Thompson
Deporte	¿En qué año se celebró la primera edición del Tour de Francia?	1903	1892	1911	1900
Deporte	¿En qué deporte se juega el Super Bowl?	Fútbol americano	Rugby	Baloncesto	Hockey
Deporte	¿Qué país ha ganado más veces la Copa Mundial de Fútbol?	Brasil	Alemania	Argentina	Francia
Deporte	¿Cuál es el nombre del corredor de Fórmula 1 británico que ha ganado 7 campeonatos mundiales?	Lewis Hamilton	Sebastian Vettel	Michael Schumacher	Fernando Alonso
Deporte	¿Qué deporte fue añadido a los Juegos Olímpicos por primera vez en Tokio 2020?	Skateboarding	Rugby	Golf	Softbol
Ciencias	¿Quién descubrió la penicilina?	Alexander Fleming	Paracelso	John Snow	Margaret Sanger
Ciencias	¿Quién fue la primera mujer en ganar un Premio Nobel?	Marie Curie	Irène Joliot-Curie	Gerty Cori	Maria Goeppert-Mayer
Ciencias	¿Qué parte del átomo no tiene carga eléctrica?	El neutrón	El protón	El electrón	El fotón
Ciencias	¿Cuál es el símbolo del potasio?	K	P	Na	Po
Ciencias	¿Qué planeta es el más caliente del sistema solar?	Venus	Marte	Mercurio	Neptuno
Ciencias	¿Qué catástrofe natural se mide con la escala de Richter?	Terremotos	Tornados	Tsunamis	Tormentas
Ciencias	¿En qué animales se encuentran las perlas?	Ostras	Peces	Corales	Tortugas
Ciencias	¿E=mc2 es la fórmula de qué ecuación teórica?	Teoría de la relatividad	Teoría de cuerdas	Teoría del Big Bang	Teoría del Big Bounce
Ciencias	¿Qué flor recibe el nombre científico de Helianthus?	Girasol	Margarita	Rosa	Dalia
Ciencias	¿Qué mide el ohmio?	Resistencia eléctrica	Potencia	Fuerza	Intensidad de la corriente
Ciencias	¿Qué nombre de dinosaurio significa "ladrón rápido"?	Velocirraptor	Oviraptor	Iguanodon	Carnotaurus
Ciencias	¿En qué especie los machos dan a luz a las crías?	Caballitos de mar	Ornitorrincos	Salmones	Canguros
Ciencias	¿En qué constelación se encuentra la Estrella Polar?	La Osa Menor	La Osa Mayor	Orión	Cáncer
Ciencias	¿A qué famoso matemático se atribuye el descubrimiento de la gravedad?	Isaac Newton	Albert Einstein	Galileo Galilei	Nikola Tesla
Ciencias	¿Con qué nombre se conoce el miedo a las alturas?	Acrofobia	Tanatofobia	Claustrofobia	Nictofobia
Ciencias	¿Los satélites Calisto, Europa, Ío y Ganímedes orbitan alrededor de qué planeta?	Jupíter	Saturno	Neptuno	Marte
Ciencias	¿Cuál es la planta principal con la que se hace el tequila?	El agave	Cebada	Ajenjo	Enebro
Ciencias	¿En qué mes el Sol está más cerca de la Tierra?	Enero	Diciembre	Febrero	Agosto
Ciencias	¿Cuántos elementos tiene la tabla periódica?	118	151	126	142
Ciencias	¿Cuál es la velocidad de la luz?	300.000 kilómetros por segundo	200.000 kilómetros por segundo	300.000 kilómetros por hora	300.000 metros por segundo
Ciencias	¿Qué es el umami?	Un sabor	Una planta	Un animal	Una roca
Ciencias	¿Cómo se llama el hueso más pequeño del cuerpo humano?	Estribo	Martillo	Yunque	Trapezoide
Ciencias	¿Cuál es el último planeta del sistema solar?	Neptuno	Plutón	Urano	Saturno
Ciencias	¿Cuántos huesos hay en el cuerpo humano de un adulto?	206	300	182	274
Ciencias	¿Cuántos huesos hay en el cuerpo humano de un bebé?	300	206	182	274
Ciencias	¿Cómo se llama el triángulo que tiene tres lados diferentes?	Escaleno	Isósceles	Equilátero	Rectángulo
Ciencias	¿Cómo se llama el triángulo que tiene tres lados iguales?	Equilátero	Escaleno	Isósceles	Rectángulo
Ciencias	¿Cómo se llama el triángulo que tiene 2 lados iguales?	Isósceles	Escaleno	Equilátero	Rectángulo
Ciencias	¿Cuántos estómagos tiene una vaca?	4	1	2	3
Ciencias	¿Cuál es el nombre científico de los seres humanos?	Homo sapiens sapiens	Homo antecessor	Homo erectus	Homo habilis
Ciencias	¿Cuál es el animal que más muertes provoca cada año?	El mosquito	El hipopótamo	El elefante	El león
Ciencias	¿Qué tipo de lente tienen las lupas?	Convergente	Divergente	Plana	Esférica
Ciencias	¿Qué significa VIH?	Virus de inmunodeficiencia humana	Virus de inhabilitación humana	Virus de insuficiencia humana	Virus de incapacidad humana
Ciencias	¿Cuántos huesos tiene el cráneo?	8	4	14	10
Ciencias	¿Cuál es la galaxia más cercana a la nuestra?	Andrómeda	IOK-1	Galaxia del sombrero	NGC 4248
Ciencias	¿Qué pigmento permite a las plantas hacer la fotosíntesis?	La clorofila	La hemoglobina	La melanina	La bilirrubina
Ciencias	¿Cómo se llama el estudio de los hongos?	Micología	Ficología	Mineralogía	Primatología
Ciencias	¿Cuántas vertebras posee el cuerpo humano?	33	12	26	44
Ciencias	¿Cuál es el porcentaje de ADN que comparten los humanos con los chimpancés?	99	85	90	96
Ciencias	¿Cuántos dedos tienen los murciélagos en cada ala?	5	0	3	2
Ciencias	¿Cuál es el único mamífero que no puede saltar?	El elefante	La jirafa	El hipopótamo	El koala
Ciencias	¿Cuál es el hueso más largo del cuerpo humano?	El fémur	La tibia	El peroné	El húmero
Ciencias	¿Cuál es la capa inferior de la atmósfera?	La troposfera	Estratosfera	Mesosfera	Termosfera
Ciencias	¿Cuándo se produce un eclipse lunar?	Cuando la Tierra se interpone entre la Luna y el Sol	Cuando el Sol se interpone entre la Luna y la Tierra	Cuando la Luna se interpone entre el Sol y la Tierra	Cuando hay Luna llena
Ciencias	¿Cuál es el planeta del sistema solar que tiene el día más largo?	Venus	Mercurio	Júpiter	Saturno
Ciencias	¿Cuál es el planeta del sistema solar que tiene el día más corto?	Júpìter	Saturno	Venus	Mercurio
Ciencias	¿Cuál es el símbolo químico de la plata?	Ag	Pl	Pt	Au
Ciencias	¿Cuál es el símbolo químico del sodio?	Na	S	B	Cl
Ciencias	¿Cuál es el metal líquido utilizado en algunos termómetros?	Mercurio	Hierro	Litio	Cesio
Ciencias	¿A qué se le llama número atómico?	A la cantidad de protones que tiene un átomo	A la diferencia de protones y electrones	A la cantidad de electrones de un átomo	A la suma de protones y electrones
Ciencias	¿Qué descubrió Ernest Rutherford?	El núcleo atómico	La velocidad de la luz	La penicilina	El cinturón de asteroides
Ciencias	¿Por qué otro nombre se conoce a la vitamina B3?	Niacina	Riboflavina	Tiamina	Piridoxina
Ciencias	¿De qué color es el plasma sanguíneo?	Amarillo	Rojo	Blanco	Azul
Ciencias	¿Cuál es el metal más duro?	Tungsteno	Hierro	Mercurio	Iridio
Ciencias	¿Cuál es el mineral más blando?	Talco	Yeso	Calcita	Fluorita
Ciencias	¿Cuál es el metal más caro del mundo?	El rodio	El platino	El paladio	El oro
Ciencias	¿Cuál es la única letra que no aparece en la tabla periódica?	J	K	Y	X
Ciencias	¿Qué pigmento da color a nuestra piel?	La melanina	La hemoglobina	La clorofila	La bilirrubina
Ciencias	¿Qué es la selenita?	Es una variedad del mineral yeso	Es una planta venenosa	Es un pez	Es una estrella
Ciencias	¿Qué elemento de la tabla periódica tiene el símbolo Fe?	Hierro	Oro	Paladio	Boro
Ciencias	¿Qué elemento químico es el más abundante en la corteza terrestre?	El oxígeno	El cobre	El helio	El nitrógeno
Ciencias	¿Qué es el pericardio?	La membrana que rodea el corazón	Una arteria	Una enfermedad del corazón	Un virus que afecta al corazón
Ciencias	¿Qué mujer recibió dos Premio Nobel, de física y de química?	Marie Curie	Irène Joliot-Curie	Gerty Cori	Barbara McClintock
Ciencias	¿Cuál es el elemento químico más pesado que se encuentra en la naturaleza?	El uranio	El carbono	El plutonio	El francio
Ciencias	¿Qué animal es conocido por su capacidad de volar hacia atrás?	El colibrí	El murciélago	El águila	El halcón
Ciencias	¿Quién es el científico que desarrolló la teoría de la selección natural?	Charles Darwin	Lamarck	Carl von Linneo	Aleksandr Oparin
Ciencias	¿Qué es la epidermis?	La capa externa de la piel	La capa interna de la piel	Una enfermedad de la piel	Una herida en la piel
Ciencias	¿Cuántas veces ha estado el hombre en la Luna?	6	1	0	12
Ciencias	¿Cómo se llama el satélite más grande de Saturno?	Titán	Dione	Tetis	Mimas
Ciencias	¿Cuál es el ave más grande del mundo?	Avestruz	Flamenco	Ñandú	Albatros
Ciencias	¿Cuántos huesos tiene el oído humano?	3	7	4	6
Ciencias	¿Quién fue el científico que descubrió los rayos X?	Wilhelm Conrad Röntgen	Marie Curie	Max von Laue	Henri Becquerel
Ciencias	¿Cuánto pesa el cerebro humano?	Aproximadamente 1'5 kg	Aproximadamente 300 gramos	Aproximadamente 2 kg	Aproximadamente 5 kg
Ciencias	¿Qué mamífero marino es conocido como "el unicornio del mar"?	El narval	La ballena	El delfín	El manatí
Ciencias	¿Qué elemento químico se utiliza comúnmente en las baterías?	El litio	El mercurio	El cobre	El oro
Ciencias	¿Quién es el científico que descubrió el principio de incertidumbre?	Werner Heisenberg	Albert Einstein	Stephen Hawking	Erwin Schrödinger
Ciencias	¿Quién fue el científico que propuso la teoría del Big Bang?	Georges Lemaître	Fred Hoyle	Edwin Hublle	Carl Sagan
Ciencias	¿Qué tipo de animal es un murciélago?	Mamífero	Ave	Insecto	Reptil
Ciencias	¿Cómo se denomina el resultado de una multiplicación?	Producto	Resto	Cociente	Numerador
Ciencias	¿Quién es "el padre del psicoanálisis"?	Sigmund Freud	William James	Steven Pinker	Wilhem Wundt
Ciencias	¿Cuál es el estilo arquitectónico de la catedral de Notre Dame?	Gótico	Románico	Renacentista	Barroco
Ciencias	¿Cuántas patas tienen las arañas?	8	6	4	10
Ciencias	¿Cuál es el primer número primo?	2	1	0	3
Ciencias	¿A qué temperatura se congela el agua?	0ºC	-10ºC	10ºC	5ºC
Ciencias	¿Cuál de estos países no ha adoptado el sistema métrico?	Estados Unidos	Francia	Australia	China
Ciencias	¿Qué es un ovíparo?	Un animal que nace de un huevo	Un animal que se alimenta de huevos	Un animal con forma de huevo	Un animal que roba huevos
Ciencias	¿Qué enfermedad sufría Stephen Hawking?	ELA	VIH	PLS	Alzheimer
Ciencias	¿Cuántos corazones tiene un pulpo?	3	1	2	4
Ciencias	¿Cuál es el mamífero carnívoro más pequeño del mundo?	Comadreja	Ratón	Garduña	Gineta
Ciencias	¿Para que sirve un barómetro?	Para medir la presión atmosférica	Para medir la velocidad del viento	Para medir la temperatura	Para medir la radioactividad
Ciencias	¿Qué ave es la más pequeña del mundo?	El colibrí	El pardalote	El reyezuelo sencilo	La cistícola
Ciencias	¿Dónde producimos la insulina?	En el páncreas	En el hígado	En el bazo	En el estómago
Ciencias	¿Qué es Pangea?	Un continente	Un planeta	Una estrella	Un mar
Ciencias	¿Dónde está el acelerador de partículas más grande del mundo?	Entre Francia y Suiza	En Alemania	En Estados Unidos	Entre Estados Unidos y Canadá
Ciencias	¿Cuál es el planeta con más anillos del sistema solar?	Saturno	Neptuno	Urano	Júpiter
Ciencias	¿Cuál es la selva más grande del mundo?	La selva amazónica	La selva del Congo	Reserva natural Bosawás	Selva de Nueva Guinea
Ciencias	¿Cómo se llama el satélite más pequeño de Saturno?	Mima	Titán	Dione	Encélado
Ciencias	¿Cuántos corazones tienen las jirafas?	1	2	3	4
Ciencias	¿Cuál es la fórmula del agua?	H2O	H2O2	HO	H30
Ciencias	¿Cuál es la fórmula de la sal común?	NaCl	Cl2	CO2	Na2CO3
Ciencias	¿Cuál es el roedor más grande del mundo?	Capibara	Castor	Mara	Coipú
Geografia	¿Cuál es la capital de Islandia?	Reikiavik	Akureyri	Borgarnes	Husavik
Geografia	¿Cuántos océanos hay en el planeta?	5	7	3	10
Geografia	¿Cuál es la capital de Chile?	Santiago de Chile	Antofagasta	Viña del Mar	Arica
Geografia	¿Cuál es el río que atraviesa más países?	El Danubio	Nilo	Amazonas	Yangtze
Geografia	¿En qué país se encuentra ubicada la Casa Rosada?	Argentina	Estados Unidos	Colombia	Paises Bajos
Geografia	¿En qué ciudad están emplazadas las Torres Petronas?	Kuala Lumpur	Pekín	Taipei	Bangkok
Geografia	¿En qué país está el museo del Louvre?	En Francia	En Bélgica	En Reino Unido	En Luxemburgo
Geografia	¿En qué ciudad está el Museo Británico?	Londres	Manchester	Liverpool	Brighton
Geografia	¿Cómo se llama el río que atraviesa Roma?	Tíber	Amo	Po	Adigio
Geografia	¿En qué país está la Casa Blanca?	Estados Unidos	Argentina	Reino Unido	Australia
Geografia	¿En qué país se encuentra la ciudad de Dublín?	Irlanda	Reino Unido	Islandia	Dinamarca
Geografia	¿Cuál es el país más grande?	Rusia	Canadá	Estados Unidos	China
Geografia	¿En qué país se encuentra la ciudad de Dubái?	Emiratos Árabes Unidos	Qatar	Arabia Saudí	Irak
Geografia	¿Cuántas estrellas tiene la bandera de China?	5	3	1	7
Geografia	¿En qué continente se encuentra el desierto del Sahara?	África	Asia	América del Norte	Europa
Geografia	¿Cómo se llama el rascacielos más alto del mundo?	Burj Khalifa	Warisan Merdeka Tower	Torre de Shanghai	Makkah Clock Royal Tower
Geografia	¿Cuál es la capital de Australia?	Canberra	Sydney	Brisbane	Melbourne
Geografia	¿Cuál es el país con mayor cantidad de volcanes?	Estados Unidos	Islandia	Japón	Indonesia
Geografia	¿En qué ciudad se encuentra el Taj Mahal?	Agra	Jaipur	Nueva Delhi	Calcuta
Geografia	¿Cuál es la ciudad italiana que alberga al David, la escultura de Miguel Ángel?	Florencia	Roma	Milán	Turín
Geografia	¿De qué país se independizó Eslovenia?	Yugoslavia	URSS	Checoslovaquia	Imperio Otomano
Geografia	¿Qué país tiene más islas en el mundo?	Suecia	Grecia	Indonesia	Australia
Geografia	¿Cuál es el país más pequeño de América?	San Cristóbal y Nieves	Granada	Barbados	Antigua y Barbuda
Geografia	¿Cuál es la montaña más alta?	El Everest	El K2	El Cho Oyu	El Kanchenjunga
Geografia	¿En dónde está ubicado el estrecho de Magallanes?	En Sudamérica	En África	En América del Norte	En Europa
Geografia	¿Cuál es el océano más grande?	El Pacífico	El Atlántico	El Índico	El Antártico
Geografia	¿Entre qué países de encuentra el mar Egeo?	Entre Grecia y Turquía	Entre Rusia y Turquía	Entre Sudán, Egipto y Arabia Saudí	Entre Israel y Jordania
Geografia	¿A qué país pertenece Aruba?	A los Países Bajos	A Portugal	A Francia	A Dinamarca
Geografia	¿Cuál es la capital de Japón?	Tokio	Kioto	Osaka	Sapporo
Geografia	¿En qué lugar está el Opera House?	En Sídney	En Valenica	En Viena	En Londres
Geografia	¿Dónde está ubicado el volcán Vesubio?	Italia	Grecia	Islandia	Turquía
Geografia	¿En qué país está Capadocia?	En Turquía	En Italia	En Albania	En Suiza
Geografia	¿Cuál es el estado más pequeño de Estados Unidos?	Rhode Island	Delaware	Connecticut	Nueva Jersey
Geografia	¿Cuál es el río más ancho del mundo?	El río de la Plata	El Amazonas	El Nilo	El Danubio
Geografia	¿Qué ciudad tuvo una vez el nombre de Constantinopla?	Estambul	Roma	Atenas	Damasco
Geografia	¿Qué río atraviesa París?	El Sena	El Rin	El Loira	El Ródano
Geografia	¿En qué país está el sitio arqueológico de Petra?	En Jordania	En Irak	En Irán	En Israel
Geografia	¿Cuál es la isla más grande del mar Caribe?	Cuba	Jamaica	República Dominicana	Puerto Rico
Geografia	¿Cuál es el volcán más alto de mundo desde el nivel del mar?	Nevado Ojos del Salado	Mauna Kea	Tupungato	Cerro Bonete Chico
Geografia	¿Cuál es el volcán más alto de mundo desde el fondo del océano?	Mauna Kea	Nevado Ojos del Salado	Tupungato	Cerro Bonete Chico
Geografia	¿Cuál es el lago navegable más alto?	El lago Titicaca	Michigan	Mar Muerto	Maracaibo
Geografia	¿Cuál es la capital de Kenya?	Nairobi	Banjul	Malabo	Tripoli
Geografia	¿Cuál es la cascada más alta?	Salto del Ángel	Salto del Tugela	Salto Yosemite	Las Tres Hermanas
Geografia	¿A qué país pertenece la isla de Pascua?	Chile	Argentina	Perú	Brasil
Geografia	¿Cuántas estrellas tiene la bandera de Estados Unidos?	50	40	30	60
Geografia	¿Cuál es el país más grande de América?	Canadá	Estados Unidos	Brasil	Argentina
Geografia	¿En qué país está Sankt Moritz?	Suiza	Francia	Alemania	Mónaco
Geografia	¿En qué se especializa la cartografía?	Es el estudio de los mapas	Es el estudio de leyes	Es el estudio de la política	Es el estudio de los barcos
Geografia	¿Cuántos países conforman la Commonwealth?	54	23	10	34
Geografia	¿Cómo se llama la capital de Mongolia?	Ulan Bator	Timbu	Doha	Bakú
Geografia	¿Cuál es el río más largo de la Península Ibérica?	El Tajo	El Ebro	El Guadalquivir	El Duero
Geografia	¿Cuál es el país más pequeño del mundo?	Ciudad del Vaticano	San Marino	Mónaco	Andorra
Geografia	¿Dónde se encuentra el arrecife de coral más grande?	Australia	Japón	India	Brasil
Geografia	¿Cuál es la ciudad más poblada del mundo?	Tokio	Pekín	Nueva Delhi	Londres
Geografia	¿Cuántos estados forman parte de Estados Unidos?	50	43	27	78
Geografia	¿Cuántas comunidades autónomas tiene España?	17	15	20	19
Geografia	¿En qué país hay un mayor número de pirámides?	Sudán	Egipto	México	Etiopía
Geografia	¿Cuál es la isla más grande del mundo?	Groenlandia	Australia	Madagascar	Japón
Geografia	¿Cuántos países forman parte de la Unión Europea?	27	18	32	24
Geografia	¿Cuál es la capital de Suiza?	Berna	Viena	Praga	Berlín
Geografia	¿Dónde encontramos el Machu Pichu?	Perú	Chile	México	Guatemala
Geografia	¿Cuál es el lago más grande del mundo?	Mar Caspio	Mar Muerto	Titicaca	Lago Superior
Geografia	¿Cuál es la ciudad más fría del mundo?	Oymyakon	Yellowknife	Winnipeg	Harbin
Geografia	¿Cuál es el país más poblado de África?	Nigeria	Egipto	Marruecos	Sudáfrica
Geografia	¿Cuál es la capital de Egipto?	El Cairo	Lúxor	Alejandría	Guiza
Geografia	¿Cuál es el idioma oficial de Andorra?	Catalán	Español	Francés	Euskera
Geografia	¿Cuál es la capital de Jamaica?	Kingston	Bahía Montego	Port Antonio	Ocho Ríos
Geografia	¿Cuál es la capital de Togo?	Lomé	Kara	Palimé	Kandé
Geografia	¿Cuál es la capital de Serbia?	Belgrado	Subotica	Jagodina	Vranje
Geografia	¿Cuál es la capital de Turquía?	Ankara	Estambul	Antalya	Efeso
Geografia	¿Cuál es la capital de Paraguay?	Asunción	Ciudad del Este	Encarnación	Villarrica
Geografia	¿Cuál es la capital de Uruguay?	Montevideo	Rivera	Rocha	Paysandú
Geografia	¿Cuál es la capital de México?	Ciudad de México	Cancún	Monterrey	Guadalajara
Geografia	¿Cuál es la capital de Finlandia?	Helsinki	Turku	Tampere	Oulu
Geografia	¿Cuál es la capital de Bélgica?	Bruselas	Brujas	Amberes	Gante
Geografia	¿Cuál es la capital de Albania?	Tirana	Durres	Vlore	Shkoder
Geografia	¿Cuál es el idioma oficial en Estonia?	Estonio	Ruso	Finlandés	Polaco
Geografia	¿Cuál es el idioma oficial en Mali?	Francés	Árabe	Portugués	Tuareg
Geografia	¿Cuál es el idioma oficial en Túnez?	Árabe	Francés	Hebreo	Español
Geografia	¿Cuál es el idioma oficial en Irán?	Persa	Árabe	Griego	Hebreo
Geografia	¿Cuál es el idioma oficial en Guinea Ecuatorial?	Español, portugués y francés	Español	Portugués	Francés
Geografia	¿Cuál es la montaña más alta del continente americano?	Aconcagua	Nevado Ojos del Salado	Huascarán	Denali
Geografia	¿Qué río atraviesa Londres?	El río Támesis	El río Trent	El río Mersey	El río Severn
Geografia	¿En qué país está El Aconcagua?	En Argentina	En Chile	En Bolivia	En Perú
Geografia	¿Cómo se llama el estrecho que separa Asia y América?	Estrecho de Bering	Estrecho de Gibraltar	Estrecho de Malaca	Estrecho de Hudson
Geografia	¿Cuál es la cadena montañosa más larga?	Los Andes	El Himalaya	Los Pirineos	Los Alpes
Geografia	¿Qué país es el más grande de Sudamérica?	Brasil	Argentina	Chile	Venezuela
Geografia	¿Cuál es el punto más alto de África?	El Monte Kilimanjaro	El Monte Kenia	El Monte Stanley	El Monte Meru
Geografia	¿Qué río forma la frontera entre Polonia y Alemania?	El río Oder	El río Danubio	El río Támesis	El río Po
Geografia	¿Cuál es el mar que se encuentra al norte de África?	El mar Mediterráneo	El mar arábigo	El mar Caribe	El mar del Norte
Geografia	¿Cuál es el río más caudaloso del mundo?	El Amazonas	El Nilo	El Río de la Plata	El Danubio
Geografia	¿Cuál es el río más caudaloso de Europa?	El Volga	El Danubio	El Ebro	El Rin
Geografia	¿Cuál es el río más largo de Asia?	El río Yangtze	El río Mekong	El río Amarillo	El río Indo
Geografia	¿En qué océano se encuentra la isla de Madagascar?	Océano Índico	Océano Pacífico	Océano Atlántico	Océano Antártico
Geografia	¿Cuál es el río más largo de Oceanía?	El río Murray	El río Darling	El río Murrumbidgee	El río Kiewa
Geografia	¿En qué ciudad se encuentra el puente Harbour Bridge?	Sidney	San Francisco	Londres	Los Ángeles
Geografia	¿Cuántos idiomas se hablan en China?	Aproximadamente 300	1	Aproximadamente 100	Aproximadamente 50
Geografia	¿En qué continente está Argentina?	Ámerica del Sur	Ámerica del Norte	Europa	África
Geografia	¿De qué colores es la bandera de Alemania?	Negro, rojo y oro	Negro, rojo y blanco	Oro y verde	Blanco, verde y rojo
Geografia	¿A qué ciudad hacer referencia el gentilicio carioca?	Río de Janeiro	Sao Paulo	Brasilia	Curitiba
Arte	¿Quién pintó “la última cena”?	Leonardo da Vinci	Pablo Picasso	Vincent Van Gogh	Rembrandt
Arte	¿En qué movimiento artístico se encuadra al pintor Pierre-Auguste Renoir?	Impresionismo	Rococó	Realismo	Art Noveau
Arte	¿En qué museo se encuentra la obra original La noche estrellada, de Van Gogh?	Museo de Arte Moderno de Nueva York	Museo del Louvre	Museo del Prado	Rijksmuseum 
Arte	¿Quién pintó la Capilla Sixtina?	Miguel Ángel	Leonardo da Vinci	Botticelli	Caravaggio
Arte	¿Quién pintó el “Guernica”?	Picasso	Goya	Velázquez	Dalí
Arte	¿Quién es el padre del arte pop?	Andy Warhol	Roy Lichtenstein	David Hockney	Keith Haring
Arte	¿En qué año se pintó la noche estrellada de Van Gogh?	1889	1910	1865	1899
Arte	¿Quién pintó la obra “Diego y yo”?	Frida Kahlo	Antonio Berni	Carlos Mérida	Fernando Botero
Arte	¿En qué año nació Salvador Dalí?	1904	1920	1878	1900
Arte	¿Quién pintó 'Las Meninas'?	Velázquez	Picasso	Joaquín Sorolla	Joan Miró
Arte	¿Cuál es el nombre del cuadro más famoso de Edvard Munch?	El grito	La noche estrellada	El beso	El nacimiento de Venus
Arte	¿Cómo se llama la escultura más famosa de Auguste Rodin?	El pensador	El David	El Cristo Redentor	Discóbolo
Arte	¿Quién pintó 'El nacimiento de Venus'?	Sandro Botticelli	Leonardo da Vinci	Tintoretto	Caravaggio
Arte	¿Cómo se llama el cuadro más famoso de Gustav Klimt?	El beso	El grito	La joven de la perla	Las meninas
Arte	¿Qué artista es famoso por sus coloridas representaciones de la vida nocturna de París?	Manet	Vincent Van Gogh	Pierre-Auguste Renoir	Paul Gauguin
Arte	¿Qué artista pintó 'La ronda de noche'?	Rembrandt	Andy Warhol	Claude Monet	Dalí
Arte	¿En qué año se cree que da Vinci pintó la Mona Lisa?	1503	1498	1507	1531
Arte	¿De qué país era el famoso escultor Auguste Rodin?	Francia	Bélgica	Países Bajos	Alemania
Arte	¿Quién escribió 'El Quijote'?	Miguel de Cervantes	Miguel Hernández	Pío Baroja	Camilo José Cela
Arte	¿Quién escribió 'Hamlet'?	William Shakespeare	Edward Allan Poe	Agatha Christie	Charles Dickens
Arte	¿Cuál es el primer libro de la Biblia?	Génesis	Éxodo	Josué	Salmos
Arte	¿Quién escribió la famosa novela de 'Drácula'?	Bram Stoker	Mary Shelley	Stephen King	Ernest Hemingway
Arte	¿Quién escribió 'Cien años de soledad'?	Gabriel García Márquez	Isabel Allende	Vargas Llosa	Julio Cortázar
Arte	¿Quién escribió la ‘Divina Comedia’?	Dante Alighieri	Nicolás Maquiavelo	Umberto Eco	Petrarca
Arte	¿Quién escribió 'La colmena'?	Camilo José Cela	Gabriel García Márquez	Miguel de Unamuno	Carlos Ruiz Zafón
Arte	¿Quién escribió 'Harry Potter'?	J.K Rowling	J.R.R. Tolkien	Ken Follett	Zadie Smith
Arte	¿Cuál es el libro más vendido de la historia?	La Biblia	El Principito	Don Quijote de la Mancha	El Señor de los Anillos
Arte	¿Cuál es el libro sagrado del Islam?	El Corán	La Biblia	El Tanaj	Los Vedas
Arte	¿Cuál fue el primer libro de Jane Austen?	Sentido y sensibilidad	Orgullo y prejuicio	Emma	Persuasión
Arte	¿Qué filósofo alemán escribió sobre la teoría del superhombre?	Nietzche	Schopenhauer	Karl Marx	Heidegger
Arte	¿Quién escribió 'La muerte del comendador'?	Haruki Murakami	Yoko Ogawa	Hiromi Kagakami	Natsume Soseki
Arte	¿Cuál es el libro francés más vendido de la historia?	El Principito	El conde de Montecristo	Los miserables	La vuelta al mundo en ochenta días
Arte	¿Cuándo se celebra el Día Mundial del Libro?	El 23 de abril	El 15 de mayo	El 3 de septiembre	El 28 de junio
Arte	¿Cuál es la nacionalidad de Pablo Neruda?	Chileno	Español	Mexicano	Boliviano
Arte	¿Quién escribió 'El lazarillo de Tormes'?	Autor anónimo	Miguel de Cervantes	Miguel Delibes	Lope de Vega
Arte	¿Cuándo se publicó la primera parte de 'Don Quijote de la Mancha'?	1605	1598	1579	1600
Arte	¿Quién creo los cómics de 'Spiderman'?	Stan Lee	Alan Moore	Frank Miller	Grant Morrison
Arte	¿Cuál fue la primera obra de Umberto Eco?	El nombre de la rosa	El péndulo de Focault	El cementerio de Praga	Ur-Fascism
Arte	¿En qué idioma escribía Samuel Beckket?	Francés	Inglés	Alemán	Ruso
Arte	¿En qué ciudad vivían Romeo y Julieta?	Verona	Roma	Florencia	Venecia
Arte	¿Quién escribió ‘La metamorfosis’?	Kafka	Kant	Nietzche	Descartes
Arte	¿Quién fue el vocalista de Queen?	Freddie Mercury	Brian May	John Deacon	Roger Taylor
Arte	¿Cómo se llama realmente The Weeknd?	Abel Tesfaye	Peter Gene Hernández	Marshall Bruce Mathers III	Brian Hugh Warner
Arte	¿Cuál es el disco más vendido de la historia?	Thriller	The dark side of the moon	Back in Black	Abbey Road
Arte	¿Cuántas cuerdas tiene un violín?	4	6	8	3
Arte	¿Cuál es el nombre real de Eminem?	Marshall Mathers	Abel Tesfaye	Peter Gene Hernández	Brian Hugh Warner
Arte	¿Cómo se llama el himno nacional de Francia?	La Marsellesa	Oda a la Alegría	Dios salve al Rey	Marcha Real
Arte	¿En qué año murió Elvis Presley?	1977	1974	1980	1991
Arte	¿Quién es la artista femenina más escuchada en Spotify?	Taylor Swift	Rihanna	Miley Cyrus	Madonna
Arte	¿Cuántos agujeros tiene una flauta dulce?	8	5	6	10
Arte	¿Cuál es el nombre artístico de Robyn Fenty?	Rihanna	Taylor Swift	Madonna	Avril Lavigne
Arte	¿Quién saltó a la fama en 2008 con el lanzamiento del single 'I Kissed a Girl'?	Katy Perry	Taylor Swift	Amy Winehouse	Demi Lovato
Arte	¿Cuál es el nombre de pila del compositor clásico Vivaldi?	Antonio	Andrea	Leonardo	Carlo
Arte	¿Cuántas cuerdas tiene una guitarra?	6	4	8	5
Arte	¿A que edad murió el cantante Kurt Cobain?	A los 27 años	A los 25 años	A los 33 años	A los 42 años
Arte	¿A qué cantante se le conoce como el Sol de México?	A Luis Miguel	A Ricky Martin	A Miguel Bosé	A Chayanne
Arte	¿Cuáles son los premios más importantes de la música?	Los Grammy	Los Oscar	Los Globos de Oro	Los Goya
Arte	¿Quién compuso la mítica canción 'Knockin’ on Heaven’s Door'?	Bob Dylan	Freddie Mercury	Phil Collins	John Lennon
Arte	¿Cuál es el nombre real de David Bowie?	David Robert Jones	Paul David Hewson	Walter Willison	Gordon Matthew Sumner
Arte	¿Quién cantaba la canción 'Hey Jude'?	The Beatles	Queen	AC DC	Led Zeppelin
Arte	¿De quién es la canción 'Love me Tender'?	Elvis Presley	Michael Jackson	David Bowie	Frank Sinatra
Arte	¿Quién es considerada la reina del 'pop'?	Madonna	Taylor Swift	Lady Gaga	Ariana Grande
Arte	¿Cómo se llamaba el primer álbum de Jay-Z?	Reasonable Doubt	American Gangster	The Blueprint	Kingdom Come
Arte	¿Quién cantó la canción 'Girls Just Wanna Have Fun'?	Cindy Lauper	Pink	Whitney Houston	Dona Summer
Arte	¿Quién cantó la canción 'Barbie Girl'?	Aqua	Eiffel 65	O-Zone	Ylvis
Arte	¿Quién era el cantante de Linkin Park?	Chester Bennington	Oliver Sykes	Matt Shadows	Josh Homme
Arte	¿Quién fue el ex-Beatle que consiguió un éxito con Stevie Wonder en 1982?	Paul McCartney	John Lennon	Ringo Starr	George Harrison
Arte	¿Quién cantó la exitosa canción 'Touch of Grey'?	Grateful Dead	The Byrds	Simon and Garfunkel	The Animals
Arte	¿Quién compuso la banda sonora de 'Harry Potter y la piedra filosofal'?	John Williams	Hans Zimmer	Rachel Portman	John Barry
Arte	¿Cuántas veces ha ganado España Eurovisión?	2	1	0	4
Arte	¿Quién compuso la banda sonora de 'El Señor de los Anillos'?	Howard Shore	John Williams	Hans Zimmer	Maurice Jarre
Arte	¿Cuál es el verdadero nombre de Bad Bunny?	Benito	Pablo	Osvaldo	Damián
Arte	¿En qué disco aparecen los Beatles cruzando una calle?	Abbey Road	The Beatles	Help!	Yellow Submarine
Arte	¿Cuántos integrantes tiene la banda BTS?	7	5	10	3
Arte	¿De quién es la canción ‘Gasolina’?	Daddy Yankee	Don Omar	Nicky Jam	Wisin
Arte	¿Quién es la cantante de 'I Will Always Love You'?	Whitney Houston	Aretha Franklin	Billie Holiday	Sarah Vaughan
Arte	¿Qué actor toca en una banda llamada Hollywood Vampires?	Johnny Depp	Will Smith	Chris Hemsworth	Antonio Banderas
Arte	¿Qué famosa actriz y cantante representó a Reino Unido en Eurovisión el año que ganó ABBA?	Olivia Newton-John	Lulu	Clodagh Rodgers	Samantha Janus
Arte	¿Quién es la vocalista de la banda de rock The Cranberries?	Dolores O'Riordan	Amy Lee	Alecia Beth Moore	Cherie Currie
Arte	¿Cuál es el nombre real de la artista Alaska?	Olvido Gara	Angélica María Cepeda	Dolores Cordero	Gloria de los Ángeles Treviño
Arte	¿Cuál es el país que ha ganado más veces el festival de Eurovisión?	Suecia e Irlanda	Suecia e Italia	Italia	Reino Unido
Arte	¿Cómo se llamaba el primer álbum de The Beatles?	Please Please Me	The Beatles	Something New	Long Tally Sally
Arte	¿Quién es la cantante del hit Hips Don't Lie?	Shakira	Paulina Rubio	Rosalía	Jennifer López
Arte	¿Qué cantante apareció con un vestido de carne cruda en los premios MTV de 2010?	Lady Gaga	Amy Winehouse	Miley Cyrus	Alaska
Arte	¿Quién es el cantante de la banda británica Coldplay?	Chris Martin	Guy Berryman	Will Champion	Jon Buckland
Arte	¿Quién es la vocalista de la banda de rock Blondie?	Debbie Harry	Chris Stein	Nigel Harrison	Gary Lachman
Arte	¿Cómo se llama el primer disco de Adele?	19	21	30	15
Arte	¿En qué año lanzó Beyoncé su gran hit Crazy in Love?	2003	2006	2005	2009
Arte	¿Quién es el cantante de la banda de rock Guns N' Roses?	Axl Rose	Slash	Izzy Stradlin	Duff McKagan
Arte	¿Cuándo se celebró el primer festival de Eurovisión?	1956	1974	1978	1966
Arte	¿Dónde se celebró el primer festival de Eurovisión?	Suiza	Suecia	Reino Unido	Francia
Arte	¿De qué nacionalidad son los integrantes de Daft Punk?	Franceses	Italianos	Estadounidenses	Australianos
Arte	¿Cuál es la canción más reproducida en la historia de Spotify?	Blinding Lights	Shape of You	Someone You Loved	Sunflower
Arte	¿Cuál no es un miembro de los Beatles?	Roger Taylor	George Harrison	Ringo Starr	Paul McCartney
Arte	¿Qué canción de Celine Dion se convirtió en un éxito mundial gracias a la película Titanic en 1997?	My Heart Will Go On	I'm alive	All by myself	The power of love
Arte	¿Qué banda de rock alternativo lanzó su álbum debut Ten en 1991?	Pearl Jam	Radiohead	Rage Against the Machine	Nirvana
Arte	¿Quién es el autor de Tintín?	Hergé	Antoine de Saint-Exupéry	Jim Davies	Quino
Arte	¿Cuál es el nombre de la boy band estadounidense que incluía a Nick Carter y que se convirtió en un fenómeno mundial?	Backstreet Boys	One Direction	New Kids on the Block	The Osmonds
Arte	¿Cuál de estas cantantes no era parte de las Spice Girls?	Mary Wilson	Emma Bunton	Victoria Beckham	Mel B
Arte	¿Qué cantante colombiano lanzó el éxito Mi Gente en 2017?	J Balvin	Maluma	Carlos Vives	Sebastián Yatra
Arte	¿Qué banda lanzó el álbum American Idiot en 2004?	Green Day	Sum 41	Blink 182	My Chemical Romance
Entretenimiento	¿Quién dirigió 'Ciudadano Kane'?	Orson Wells	John Ford	Roberto Rossellini	Howard Hawks
Entretenimiento	¿Quién dirigió 'Origen'?	Christopher Nolan	Steven Spielberg	David Lynch	Clint Eastwood
Entretenimiento	¿Por qué película ganó Leonardo DiCaprio su primer Óscar?	El Renacido	Titanic	Inception	El lobo de Wall Street
Entretenimiento	¿Quién protagonizó la película 'El Pianista'?	Adrien Brody	Willem Dafoe	Owen Wilson	Jason Schwartzman
Entretenimiento	¿Cuáles  película con más Óscars de la historia?	Titanic', 'Ben-Hur' y ' El Señor de los Anillos: El retorno del Rey'	Titanic', 'Ben-Hur' y el 'Lo que el viento se llevó'	Titanic', 'Lo que el viento se llevó' y 'El Señor de los anillos: El retorno del rey'	El Señor de los Anillos:el retorno del Rey', 'Ben-Hur' y 'Lo que el viento se llevó'
Entretenimiento	¿Cuál fue la primera película de Disney?	Blancanieves y los siete enanitos	Pinocho	Fantasía	Dumbo
Entretenimiento	¿Cuántas películas de 'Harry Potter' se han hecho?	8	7	6	9
Entretenimiento	¿Quién ha protagonizado la saga de 'Indiana Jones'?	Harrison Ford	Daniel Craig	Quentin Tarantino	Mads Mikkelsen
Entretenimiento	¿Qué actor español ganó un Óscar por 'No es país para viejos'?	Javier Bardem	Luis Tosar	Alfredo Landa	Javier Cámara
Entretenimiento	¿Qué actriz protagonizó 'Desayuno con diamantes'?	Audrey Hepburn	Sharon Tate	Judy Garland	Raquel Weich
Entretenimiento	¿Quién es el enemigo más famoso de Batman?	El Joker	El duende verde	Loki	Lex Luthor
Entretenimiento	¿Quién interpretó a Hitler en 'El gran dictador'?	Charles Chaplin	James Dean	Clint Eastwood	Marlon Brando
Entretenimiento	¿Quién dirigió la trilogía de 'El Padrino'?	Francis Ford Coppola	Brian de Palma	Martin Scorsese	Robert de Niro
Entretenimiento	¿En qué ciudad vive el mago de Oz?	La ciudad Esmeralda	La ciudad Diamante	La ciudad Dorada	La ciudad Brillante
Entretenimiento	¿Qué actriz ha ganado el mayor número de Premios Óscar?	Katharine Hepburn	Maryl Streep	Ingrid Bergman	Frances McDormand
Entretenimiento	¿A qué año viajan Marty y Doc en 'Regreso al futuro II'?	2015	1985	2020	1955
Entretenimiento	¿Qué película de terror fue el debut de Johnny Depp?	Pesadilla en la Elm Street	El Resplandor	Scream	La mosca
Entretenimiento	¿En qué película se escucha la frase "En ocasiones veo muertos"?	El Sexto Sentido	Los otros	El protegido	Split
Entretenimiento	¿Quién dirigió 'Charada'?	Alfred Hitchcock	Stanley Kubrick	Ingmar Bergman	Billy Wilder
Entretenimiento	¿Quién interpretó a Hermione Granger en 'Harry Potter'?	Emma Watson	Bonnie Wright	Evanna Lynch	Helena Bonham Carter
Entretenimiento	¿En qué ciudad se ambienta 'Cazafantasmas'?	En Nueva York	En San Francisco	En Hollywood	En Seattle
Entretenimiento	¿Qué actriz encarnó a la hermana de Elliot en 'E.T.'?	Drew Barrymore	Erika Eleniak	Dee Wallace-Stone	Mary Stein
Entretenimiento	¿En qué año se estreno 'Eduardo Manostijeras'?	1990	1987	1994	1998
Entretenimiento	¿Quién dirigió 'Memorias de África'?	Sydney Pollack	Anthony Mingella	Caroline Link	Steven Spielberg
Entretenimiento	¿A qué saga pertenece el personaje de Katniss Everdeen?	Los Juegos del Hambre	Divergente	El corredor del laberinto	Crepúsculo
Entretenimiento	¿A qué mítica actriz interpreta Ana de Armas en 'Blonde'?	Marilyn Monroe	Jayne Mansfield	Jan Sterling	Cleo Moore
Entretenimiento	¿En qué año se estrenó 'La naranja mecánica'?	1971	1956	1977	1964
Entretenimiento	¿Dónde se rodó 'Casablanca'?	En Estados Unidos	En Marruecos	En Francia	En Reino Unido
Entretenimiento	¿Por qué película ganó Penélope Cruz su primer Oscar?	Vicky Cristina Barcelona	Jamón, Jamón	Volver	Vanilla Sky
Entretenimiento	¿Quién interpretó a Miércoles Addams en la peli de los 90?	Christina Ricci	Jenna Ortega	Lisa Loring	Rachel Potter
Entretenimiento	¿Cómo se llamaba el planeta del que venía Alf?	Melmac	Gallifrey	Namek	Krypton
Entretenimiento	¿Cómo se llama la mujer de Shrek?	Fiona	Finea	Felicia	Flora
Entretenimiento	En la película 'Mascotas', ¿qué clase de animales eran Max y Duke?	Perros	Gatos	Loros	Hamsters
Entretenimiento	¿Quién interpretó a Eduardo Manostijeras?	Johnny Depp	Leonardo DiCapprio	Brad Pitt	Matt Damon
Entretenimiento	¿Quién protagonizó la película 'Gladiator'?	Russell Crowe	Joaquin Phoenix	Richard Harris	Paul Mescal
Entretenimiento	¿Qué actor interpreta al personaje de Thor en el Universo Cinematográfico de Marvel?	Chris Hemsworth	Liam Hemsworth	Chris Evans	Robert Downey Jr
Entretenimiento	¿En qué país nació la actriz Margot Robbie?	Australia	Estados Unidos	Reino Unido	Nueva Zelanda
Entretenimiento	¿De dónde es Emily Cooper, la protagonista de ‘Emily in Paris’?	De Chicago	De Los Ángeles	De Toronto	De Las Vegas
Entretenimiento	¿Cómo se llama el personaje principal de ‘You’?	Joe Goldberg	Theo Engler	Adam Pratt	Forty Quinn
Entretenimiento	¿Cuál fue la serie de Netflix más vista en 2020?	La Casa de Papel	Tiger King	Gambito de dama	Jugando con fuego
Entretenimiento	¿Cuál es el parentesco de Monica y Ross en ‘Friends’?	Son hermanos	Son padre e hija	Son madre e hijo	Son primos
Entretenimiento	¿Quién interpreta a Miércoles Addams en la serie de Netflix?	Jenna Ortega	Christina Ricci	Lisa Loring	Rachel Potter
Entretenimiento	¿Cómo se llamaba el lobo de Jon Nieve?	Fantasma	Ventisca	Sevro	Sombra
Entretenimiento	¿Qué título tenía Regé-Jean Page en ‘Los Bridgerton’?	Duque	Conde	Marqués	Vizconde
Entretenimiento	¿Cuántos episodios tiene la serie ‘Gossip Girl’?	121	234	56	82
Entretenimiento	¿Cómo se llama el protagonista de ‘Bola de Dragón’?	Goku	Luffy	Ichigo	Naruto
Entretenimiento	¿Qué familia vive en la ciudad de Springfield?	Los Simpsons	Los Griffin	Los Smith	Los Banks
Entretenimiento	¿Qué malvado brujo tiene un gato llamado Azrael?	Gargamel	Warlock	Jafar	Saruman
Entretenimiento	¿De qué color es el pelo de Naruto?	Amarillo	Naranja	Gris	Negro
Entretenimiento	¿De quiénes son amigos Pato, Elly, Pajaroto y Loula?	De Pocoyó	De Caillou	De Dora	De Martin Matin
Entretenimiento	¿Cómo se llama la cabra que acompaña a Heidi?	Copito de Nieve	Amelio	Niebla	Bonita
Entretenimiento	¿Quiénes crean el Club de la Canica?	Zipi y Zape	Mortadelo y Filemón	Zack y Cody	Heidi y Pedro
Entretenimiento	¿De qué serie es popular el personaje de Michael Scofield?	Prison Break	Lost	The Walking Dead	Breaking Bad
Entretenimiento	¿Qué actor interpretó a Pablo Escobar en la serie 'Narcos'?	Wagner Moura	Pedro Pascal	Diego Luna	Alberto Ammann
Entretenimiento	¿A qué instituto van los personajes de ‘Élite’?	Las Encinas	Angel Guimera	El Zurbarán	7 Robles
Entretenimiento	¿De qué serie es popular el personaje de Don Draper?	Mad Men	Los Soprano	Breaking Bad	The Wire
Entretenimiento	¿Quién interpreta al personaje de Carrie Bradshaw en ‘Sexo en Nueva York’?	Sarah Jessica Parker	Kim Cattrall	Cynthia Nixon	Kristin Davis
Entretenimiento	¿En qué serie española se dio a conocer la actriz Ana de Armas?	El Internado	Ana y los 7	La que se avecina	Aquí no hay quien viva
Entretenimiento	¿En qué ciudad vive la familia Banks en ‘El Príncipe de Bel-Air’?	En Los Ángeles	En Dallas	En Miami	En Santa Cruz
Entretenimiento	¿De qué serie es popular el personaje de Walter White?	Breaking Bad	Prison Break	Stranger Things	La casa de papel
Entretenimiento	¿De qué serie es la popular expresión “Winter is coming"?	Juego de Tronos	Stranger Things	Lost	Narcos
Entretenimiento	¿Cómo se llama el personaje de Úrsula Corberó en ‘La Casa de Papel’?	Tokio	Berlín	Río	Nairobi
Entretenimiento	¿En qué serie se hicieron populares los personajes Eleven y Mike?	Stranger Things	Riverdale	Crónicas vampíricas	Supernatural
Entretenimiento	¿Quién cantaba la sintonía de la serie ‘Los Serrano’?	Fran Perea	Despistaos	Sergio Dalma	Pignoise
Entretenimiento	¿De qué serie es popular el personaje de Lorelai Gilmore?	Las chicas Gilmore	Gossip Girl	One Three Hill	Supernatural
Entretenimiento	¿En qué ciudad transcurre la serie ‘La Casa de las Flores’?	Ciudad de México	Veracruz	Monterrey	Cancún
Entretenimiento	¿En qué serie se hizo popular la actriz Elsa Pataky?	Al salir de clase	Los hombres de Paco	Física o química	El comisario
Entretenimiento	¿Quién es el actor que interpreta a Jon Nieve en ‘Juego de Tronos’?	Kit Harington	Matt Smith	Jason Momoa	Peter Dinklage
Entretenimiento	¿Quién interpretó a Daenerys Targaryen en la serie ‘Juego de Tronos’?	Emilia Clarke	Sophie Turner	Maisie Williams	Natalie Dormer
Entretenimiento	¿De qué serie es popular el personaje de Jack Bauer?	24	Homeland	The Blacklist	Bones
Entretenimiento	¿Qué instrumento toca Lisa Simpson?	El saxofón	El clarinete	El piano	La guitarra
Entretenimiento	¿De qué serie es popular el personaje de Piper Chapman?	Orange is the New Black	Vis a vis	Poker face	Wentworth
Entretenimiento	¿Qué actriz interpretó a Claire Underwood en la serie 'House of Cards'?	Robin Wright	Mad men	Mindhunter	Ozark
Entretenimiento	¿Qué actor interpretó a Michael Scott en la serie 'The Office'?	Steve Carell	Rainn Wilson	John Krasinski	Ed Helms
Entretenimiento	¿Qué actor interpretó a Tony Soprano en la serie 'Los Soprano'?	James Gandolfini	Michael Imperioli	Tony Sirico	Robert Iler
Entretenimiento	¿Qué serie de televisión seguía a una familia adinerada en Denver?	Dinastía	Dallas	Gossip Girl	Empire
Entretenimiento	¿En qué serie española se dio a conocer Javier Calvo?	Física o química	Los Serrano	El Internado	Élite
Entretenimiento	¿Qué serie de televisión tenía el lema '¿Quién mató a Laura Palmer'?	Twin Peaks	True Detective	Colombo	On the air
Entretenimiento	¿Cómo se llama el ‘spin-off’ de ‘Breaking Bad’?	Better Call Saul	Prison Break	The Walking Dead	Ozark
Entretenimiento	¿En qué película un personaje llamado Dory ayuda a Marlin a encontrar a su hijo perdido?	Buscando a Nemo	Tarzán	El libro de la selva	Toy Story
Entretenimiento	¿Qué actor protagonizó la trilogía original de Star Wars como Luke Skywalker?	Mark Hamill	Aiden Barton	Eric Bauza	Bob Bergen
Entretenimiento	¿Cuál fue la película ganadora del Oscar a Mejor Película en 2020?	Parásitos	Todo a la vez en todas partes	Moonlight	Jojo Rabbit
Entretenimiento	¿En qué película protagonizada por Robin Williams un joven utiliza un juego de mesa mágico del que sale un malvado cazador de la jungla?	Jumanji 	The Rocketeer	Toy Story	Goosebumps
Entretenimiento	¿Qué película del Universo Cinematográfico de Marvel presenta a un grupo de superhéroes liderado por Star-Lord?	Guardianes de la Galaxia	Avengers:Endgame	Capitana Marvel	Ant-Man
Entretenimiento	¿Qué actor ganó el Oscar a Mejor Actor en 2020?	Joaquin Phoenix	Antonio Banderas	Leonardo DiCaprio	Adam Driver
Entretenimiento	¿Qué película de 1955 protagonizada por James Dean fue un gran éxito y se convirtió en un icono de la cultura popular?	Rebelde sin causa	Elvis	East of Eden	Gigante
Entretenimiento	¿Cuál fue el título de la película que ganó el Oscar a Mejor Película en 1995?	Forrest Gump	Pulp Fiction	Cuatro bodas y un funeral	Quiz Show
Entretenimiento	¿Cuál fue la película ganadora del Oscar a Mejor Película en 1972?	El Padrino	Cabaret	Defensa	Sounder
Entretenimiento	¿Quién fue el director de la trilogía de El Señor de los Anillos?	Peter Jackson	James Cameron	Steven Spielberg	Gary Ross
Entretenimiento	¿Qué película de 1941, dirigida y protagonizada por Orson Welles, es considerada una de las mejores películas de todos los tiempos?	Ciudadano Kane	La naranja mecánica	Casablanca	Vértigo
Entretenimiento	¿Qué actor es conocido por su papel como Tony Stark en el Universo Cinematográfico de Marvel?	Robert Downey Jr	Chris Evans	Tom Holland	Mark Ruffalo
Entretenimiento	¿Qué actriz española protagonizó la película "Volver" de 2006 dirigida por Pedro Almodóvar?	Penélope Cruz	Blanca Suárez	Elsa Pataky	Michelle Jenner
Entretenimiento	¿Qué película española ganó el Oscar a Mejor Película Extranjera en 1993?	Belle Époque	Mar Adentro	El laberinto del fauno	Vicky Cristina Barcelona
Entretenimiento	¿Cuál fue el nombre del personaje interpretado por Robert De Niro en la película Taxi Driver de 1976?	Travis Bickle	Fred Blake	Jack Byrnes	James Conway
Entretenimiento	¿Qué actor ganó el Oscar a Mejor Actor en 1994?	Tom Hanks	Morgan Freeman	John Travolta	Paul Newman
Entretenimiento	¿Cuántas categorías de premios existen en los premios Oscar?	23	15	21	34
Entretenimiento	¿Qué película de 1939, protagonizada por Judy Garland, es considerada una de las mejores películas musicales de todos los tiempos?	El mago de Oz	Ha nacido una estrella	West Side Story	Grease
Entretenimiento	¿Qué actriz ganó el Oscar a Mejor Actriz por su papel en La La Land en 2016?	Emma Stone	Natalie Portman	Meryl Streep	Ruth Negga
Entretenimiento	¿Quién fue el director de la película La lista de Schindler de 1993?	Steven Spielberg	Roman Polanski	Quentin Trantino	Roberto Benigni
Entretenimiento	¿Qué película de 2008, dirigida por Christopher Nolan, presenta la idea de los sueños compartidos?	Origen	Interstellar	Tenet	Insomnia
Entretenimiento	¿Cuál fue el nombre del personaje interpretado por Tom Hanks en la película Náufrago de 2000?	Chuck Noland	Stan	Wilson	Albert Miller